Question,Funnel Stage,Why is this important?,Rationale/Source,Answering Analysis,Answering Mechanism,Resource Types,Level,Financial,Governance,Steward,Data Owner,Consumer,App/AI Builder,Privacy,Community,Data Expert,Security,Architecture,Admin,Purposes,Catalog History,Status
Is this repository actively maintained?,Scouting,I don't want to start using something that is a dead-end burden.,"Recency/frequency signal — last-pushed date, commit cadence — answerable from GitHub API metadata alone (RE's HealthSurveyor), no zipball needed.",repository_health + foss_scorecard [checks: foss_scorecard:maintained],Git Statistics + Code Analysis,repo,resource,,,X,,X,,,,X,,,,Select;Maintain,,
"What is this resource, and what is it for?",Scouting,Need to understand it to use it appropriately.,"Purpose/description — from the repo's own GitHub description field, no deeper analysis required.",N/A — direct field (Project.description) This might also be a summary of the top level README.,Direct Field,*,resource,,,,,X,,,,X,,X,,Explore;Select;Learn,2026-09-21: reworded from repo-only to cross-type wording (multi-resource-questions-design.md §4) as part of the re/db-questions-csv authoring stream.,
"Who owns this resource (accountable owner), and who administers it?",Scouting,Are they reputable?,"repository_health alone answers 'is it maintained', not 'by whom' — the two questions returned the same text until chaoss_metrics, built on project_commits, gave this one its own source.",repository_health + chaoss_metrics (contributor identities and concentration),Git Statistics,*,resource,,,X,X,,,,,,X,,,Explore;Select,2026-09-21: reworded from repo-only to cross-type wording (multi-resource-questions-design.md §4) as part of the re/db-questions-csv authoring stream.,
How widely adopted and active is the community around this repository?,Scouting,"Reduces adoption risk, provides a health proxy, and ensures community support and responsiveness.","Stars are attention, not community. community_support reports the dimensions separately and names the weakest rather than averaging, so 'popular but unsupported' stays visible instead of averaging out.","repository_health + community_support (attention, participation and channels as separate dimensions, weakest named) + chaoss_metrics",Git Statistics + Code Analysis,repo,resource,,,,,X,,,X,,,,,Explore;Select,,
"Has this resource already been catalogued in Egeria, and when?",Discovery,Has someone already done this analysis? What did they learn?,"""Known inventory"" check — is there already a catalog asset for this repo, independent of whether it's registered in Resource Explorer's own local registry. Ties to the Scouting ""shop for data"" search work.","N/A — direct field (is_published/egeria_asset_guid); GAP: known-inventory search across the Egeria catalog itself isn't built (Scouting's ""shop for data"" Track 1)",Egeria Queries,*,resource,,X,X,,,,,,,,,,Explore;Maintain,2026-09-21: reworded from repo-only to cross-type wording (multi-resource-questions-design.md §4) as part of the re/db-questions-csv authoring stream.,
Are there outstanding CVEs?,Analysis,Understand the risk.,"Covers advisories against DECLARED dependencies only, queried from OSV.dev, with coverage reported as prominently as the count — so a zero is 'none found in what we can see', not 'none exist'.",cve_scan,External Service Query,repo,resource,,X,,,,,,,,X,,,Select;Assess;Certify;Maintain,"Closed 2026-08-26 by cve_scan, reading the dependencies manifest_parse recorded.",
Is there any existing use within our organization?,Discovery,"Other experts, reduces risk if successful. Dependencies already in place, etc.",Answerable locally from RE's own registry (cross-reference against already-registered repos/groups) — no external API needed.,N/A — RE registry query (already-registered repos/groups) - probably a set of egeria queries.,Local Registry Query + Egeria Queries,*,resource,,,,,X,X,X,X,X,X,X,X,Explore;Select,,
Any known feedback?,Discovery,"Other experts, reduces risk if positive.",RE's Curate intent already holds resource_feedback for cataloged resources.,N/A — direct field (resource_feedback table) - result from Egeriq queries/report,Local Registry Query + Egeria Queries,*,resource,,,,,X,X,,X,X,X,X,X,Explore;Select,,
Does it replace or extend something we already have?,Discovery,Duplication can be costly - needs to be factored in.,"Answerable locally from RE's own registry/groups, same as ""existing use within our organization.""",N/A — RE registry query (already-registered repos/groups) - might need RAG support for this.,Local Registry Query + RAG Queries,*,resource,X,,,,,,,,X,,X,,Select,,
"Which resources have similar content — code, documentation or data values — and how does this one differ?",Analysis,"Finds candidates by what they contain, including resources whose scope and purpose were never declared — the only similarity that works before any curation.","Content similarity over embeddings of code, documents and sampled data (pgvector). Complements scope similarity (which needs declared or measured scope) and structural similarity (which needs a schema). Design §16.7 5′ and the coverage audit's similarity item: content finds candidates; scope fit ranks them.",GAP: similarity search over pgvector embeddings (not built) — content similarity; an Agent over RAG can describe how two resources differ once candidates exist,RAG Queries + Agent-Based Analysis,*,resource,,,,,,,,X,,X,,X,Select,"2026-09-26: split from 'What are similar resources, and how does this differ?' (project owner: 'tease apart what we mean by similar — scope, database type, data objects'); three questions now — content similarity (RAG), scope similarity (lens fit), structural similarity (fingerprint, the pre-existing copy/subset row).",
"Which resources cover similar subjects, grain and period or places — could one stand in for this one, or this one for them?",Discovery,"Whether a resource can substitute for another is a question of scope — subject, grain, coverage in time and space — not of content; this is what a consumer choosing between two datasets actually asks.","Scope similarity is lens fit (design §16.5): derive a lens from this resource's declared or measured DataScope, DataGrain and subject terms and run the fit against every other resource's stored scope — no new survey, a query over stored measurements. Runs both ways, so a resource that fails one investigation's lens can still match another (§16.5 point 5). Also the mechanism behind 'is something like this already productised' (§16.7 5′). The answer is a relation per scope axis — subject, population (which customers: pre-sales vs post-sales), space, time, grain, structure — each same / contains / contained_by / overlaps / disjoint / not_established, with 'can one stand in for the other' and 'is one a subset of the other' derived from them (design §16.8). Two 'customer' databases are never called similar on subject alone: an undeclared population axis renders not_established.",MIXED: preliminary_fit + coverage_signals + subject_signals + grain_determination (the lens is derived from a resource rather than an investigation — design §16.5 'lens from a resource'; the comparison is requirement_fit's field-by-field overlap),Analysis (lens fit over stored scope),database;filesystem;dataset,resource;container,,,,,,,,X,,X,,X,Select,"2026-09-26: split from 'What are similar resources, and how does this differ?' (project owner: 'tease apart what we mean by similar — scope, database type, data objects'); three questions now — content similarity (RAG), scope similarity (lens fit), structural similarity (fingerprint, the pre-existing copy/subset row). | 2026-09-26: rationale extended with the per-axis relation model (design §16.8) after the owner's pre-sales/post-sales and NY/US examples.",
Under what licence or agreement may this resource be used?,Scouting,Is this appropriate?,License field is cheaply available from the GitHub API — deeper copyleft-risk categorization is Assessment-tier (see the license-specifics row below).,"N/A — direct field (GitHub license field) - Also Agent over RAG? Direct field (GitHub license field) for a standard license (e.g. Apache 2.0) — the answer for those is itself usually just ""citation/attribution required"". A non-standard license needs the actual license text interpreted, which is where Agent-Based Analysis comes in instead of a direct-field read.",Direct Field (standard license) + Agent-Based Analysis (non-standard license interpretation),*,resource,,,,,,,,,,X,X,X,Select;Certify,2026-09-21: reworded from repo-only to cross-type wording (multi-resource-questions-design.md §4) as part of the re/db-questions-csv authoring stream.,
What dependencies does this require?,Analysis,Influences deployment cost and exposes additional transitive risks.,"The declared dependency list, per ecosystem, from the manifests present.",dependency_analysis ,Code Analysis,repo,resource,,,,,X,,,,X,X,,X,Select;Assess;Deploy,Answered by DependencySurveyor (Analysis tier).,
Do we already support these dependencies?,Analysis/Enrichment,Reduces risk.,"Needs the org's own tech inventory — human-supplied cross-reference, not resource-derivable.","MIXED: dependency_support (machine starting point — each dependency name matched against a curated technology mapping in configdata/dependency_support.yaml, linked to Egeria's technology types; reports what each dependency INDICATES plus a ranked list of names nobody has classified yet) + human-supplied corroboration via the Enrichment Context form — whether a technology is supported remains a human judgement, and likely needs a per-dependency answer rather than one blanket answer for the whole question. May also become an Agent over RAG content.",Egeria Queries + Human-Supplied,repo,resource,,,,,,,,,,X,X,X,Select;Deploy,"2026-09-12: stage widened to Analysis/Enrichment — the answer is human-supplied via Enrichment (says so in Answering Analysis), but exact phase matching kept the row off the Enrichment pane, under a heading that promised the catalog's questions for a person. | 2026-09-12: answering became MIXED — dependency_support added as the machine starting point (project owner: 'A now, shaped to seed B'); the human corroboration stays.",
What deployment styles does this support?,Analysis,Need to understand if we can deploy it?,"Covers whether a Dockerfile, compose file or Helm chart is present. What the deployment instructions actually say is not read.",MIXED: repo_conventions (deployment_docker presence signal); GAP: RAG content read for deployment instructions [checks: repo_conventions:deployment_docker],Code Analysis + RAG Queries,repo,resource,,,,,,,,,,X,X,X,Select;Deploy,Presence became a cheap Discovery-tier signal through repo_conventions' deployment_docker check; a content read of Dockerfiles and deployment docs remains a RAG-tier gap.,
"What does this resource cost to run, host or license?",Enrichment,Cost is part of the decision process.,Human-supplied/derived — not resource-derivable.,N/A — human-supplied via Enrichment Context form = may also be Agent over RAG content.,Human-Supplied,*,resource,X,,,,,,,,,,,X,Select;Deploy,"2026-09-12: stage widened to Analysis/Enrichment — the answer is human-supplied via Enrichment (says so in Answering Analysis), but exact phase matching kept the row off the Enrichment pane, under a heading that promised the catalog's questions for a person. | 2026-09-21: reworded from repo-only to cross-type wording (multi-resource-questions-design.md §4) as part of the re/db-questions-csv authoring stream. | 2026-09-26: re-staged from Analysis/Enrichment to Enrichment — project owner's live review of the Analysis tab: the answer is human-supplied, so it is asked at Enrichment and consumed by Assessment; appearing on Analysis with an 'Answer this' button read as noise.",
Is there a validation / deployment test for it?,Analysis,How do we know if it is working properly once deployed?,Covers whether CI runs tests and whether deployment evidence exists; a real deployment validation test is not detected.,"MIXED: ci_quality (CI actually runs tests) + repo_conventions (deployment_docker evidence); GAP: real deployment-validation test - May be RAG queries? ci_quality/repo_conventions give structured signals; an Agent examining the repo's actual file/directory structure (test dirs, validation scripts) can find hints beyond those fixed checks. [checks: ci_quality:ci_runs_tests, repo_conventions:deployment_docker]",Code Analysis + Agent-Based Analysis,repo,resource,,,,,,,,,,X,,X,Assess;Deploy,ci_quality replaced a CI-config-presence check with one that reads whether workflows run tests; repo_conventions' deployment_docker added the deployment-evidence signal.,
What is the upgrade process?,Analysis,Is it deployable and maintainable? Are upgrades disruptive?,"Needs content read (CHANGELOG, release notes) — RAG-tier, real gap.",GAP: RAG content read (CHANGELOG/release notes) — no structured surveyor,RAG Queries,repo,resource,,,,,X,,,,X,,X,X,Maintain;Deploy,,
Does it fit into our monitoring infrastructure?,Enrichment,"Cost, Skills and manageability.",Org-internal cross-reference — human-supplied.,N/A — human-supplied via Enrichment Context form - We may be able to use targeted Egeria queries first - augmented with enrichment.,Egeria Queries + Human-Supplied,*,resource,,,,X,X,,,,,,X,X,Deploy;Maintain,"2026-09-26: re-staged from Analysis/Enrichment to Enrichment — project owner's live review of the Analysis tab: the answer is human-supplied, so it is asked at Enrichment and consumed by Assessment; appearing on Analysis with an 'Answer this' button read as noise.",
Does it fit into our security infrastructure?,Enrichment,Will it be allowed in? What are the risks?,"An organisation-internal cross-reference: the security findings inform it, a person answers it.","N/A — human-supplied via Enrichment Context form, informed by security_scan findings and Egeria queries.",Code Analysis + Egeria Queries + Human-Supplied,*,resource,X,,,X,X,X,,,,X,X,X,Assess;Deploy,"2026-09-26: re-staged from Analysis/Enrichment to Enrichment — project owner's live review of the Analysis tab: the answer is human-supplied, so it is asked at Enrichment and consumed by Assessment; appearing on Analysis with an 'Answer this' button read as noise.",
Is there any reliability or availability aspects?,Analysis,Is it production ready?,"Trend/uptime signal, if available — Understanding-tier chart, or Analysis if content-derived (SLA docs).","N/A — Understanding trend chart (stats.py, project_stats history); GAP if SLA-doc content read is needed instead. May require RAG search.",Trend Chart,repo,resource,,,,,,,,,,X,X,X,Select;Maintain,,
What kinds of integrations does it support?,Analysis,Can we connect it to our ecosystem?,Covers which interfaces exist and whether they are documented. Which named third-party systems it integrates with is not read.,"PARTIAL: interface_surface (what can be talked to, and whether the contract is written down — from the file inventory and declared dependencies); GAP remains for the prose read of integration guides",Code Analysis + RAG Queries,repo,resource,,,,,X,,,,X,X,X,X,Select;Deploy,interface_surface answers the structural half; the content read for named systems has no surveyor.,
Does this fit within or need to extend our existing infrastructure estate?,Enrichment,Impact on existing architecture and operations.,Org-internal cross-reference — human-supplied.,N/A — human-supplied via Enrichment Context form with as fallback from Egeria queries.,Human-Supplied + Egeria Queries,repo,resource,,,,,X,,,,,X,X,X,Select;Deploy,"2026-09-26: re-staged from Analysis/Enrichment to Enrichment — project owner's live review of the Analysis tab: the answer is human-supplied, so it is asked at Enrichment and consumed by Assessment; appearing on Analysis with an 'Answer this' button read as noise.",
How mature is it?,Assessment,Stability vs innovation trade-off.,"Direct lifecycle-stage classification (nascent/emerging/established/mature) from repo_created_at, CHAOSS-informed (the maturity analysis) — a more direct answer than the age/release-cadence trend chart alone, which remains a secondary Understanding-tier view of the same underlying signal.","MIXED: maturity (direct classification) + Understanding trend chart (stats.py, project_stats history) [checks: maturity:project_maturity]",Code Analysis,repo,resource,,,,,,,,X,X,,X,X,Select;Assess,,
Do we have the skills to support its use?,Enrichment,Operational readiness and skill gaps.,Purely human-supplied — never resource-derivable.,N/A — human-supplied via Enrichment Context form - Egeria queries as well,Human-Supplied + Egeria Queries,*,resource,,,,,,,,,,X,X,X,Select;Learn,"2026-09-26: re-staged from Analysis/Enrichment to Enrichment — project owner's live review of the Analysis tab: the answer is human-supplied, so it is asked at Enrichment and consumed by Assessment; appearing on Analysis with an 'Answer this' button read as noise.",
How well documented is it?,Analysis,Ease of adoption and maintenance.,"Covers root README, CHANGELOG and CONTRIBUTING presence with a quality label, plus whole-tree density — README count, a docs folder, .md/.txt count.","MIXED: documentation_coverage + repo_conventions (doc_breadth) perhaps also an Agent? documentation_coverage/repo_conventions give structured presence signals; an Agent reviewing the whole set (READMEs in every folder, a separate docs directory, tutorials, etc.) can judge documentation quality more holistically than presence-checks alone. [checks: repo_conventions:doc_breadth]",Code Analysis + Agent-Based Analysis,repo,resource,,,,,X,,,X,X,,X,X,Select;Learn;Share,documentation_coverage checks the root; repo_conventions' doc_breadth added the tree-wide density signal the root-only check missed.,
How is it supported?,Analysis,Enterprise fallback and support options.,"Combines community responsiveness, documentation quality and any formal support documents.",MIXED: repository_health (community responsiveness) + documentation_coverage + sla_content (published support commitments),Git Statistics + Code Analysis,repo,resource,X,,,,X,,,,X,,X,X,Select;Maintain,"Mixed across tiers: responsiveness from Scouting, documentation from Assessment, support docs from Analysis/RAG.",
"Is there a current, published, security analysis?",Analysis,Third-party audit and security posture.,"Not answered — a published third-party audit is a different artifact from these checks, and nothing detects one.","MIXED: cii_badge (the real OpenSSF Best Practices badge, read from bestpractices.dev) + foss_scorecard (OpenSSF-Scorecard-shaped checks computed locally, NOT the upstream tool's own run) + chaoss_metrics; security_scan + security_features + repo_conventions for hygiene signals",External Service Query + Code Analysis,repo,resource,,X,,,,,,,,X,X,X,Assess;Certify,"The GAP note named OpenSSF Scorecard and CHAOSS as candidate tooling; both landed 2026-08-26 as foss_scorecard and chaoss_metrics, and cii_badge reads the published badge. The question stays MIXED rather than answered.",
Does it fit into our governance frameworks?,Enrichment,Compliance and regulatory alignment.,"Org policy cross-reference (human-supplied), plus Curate's zone/catalog membership once published.","N/A — human-supplied via Enrichment Context form, plus Curate zone/catalog membership (egeria_publish), plus Egeria queries.",Human-Supplied + Egeria Queries,*,resource,,X,,,,,,,,X,X,X,Certify;Share,"2026-09-26: re-staged from Analysis/Enrichment to Enrichment — project owner's live review of the Analysis tab: the answer is human-supplied, so it is asked at Enrichment and consumed by Assessment; appearing on Analysis with an 'Answer this' button read as noise.",
"What explicit licence does this resource use, and are there non-standard or copyleft terms?",Assessment,"Identifies strict copyleft (GPL/AGPL), source-available shifts (BSL/SSPL), or dual-licensing risks before code integration.","GitHub API license field gives the SPDX id cheaply (Scouting); license_classification (Assessment) categorizes it into a risk tier (permissive/weak copyleft/strong copyleft/source-available/unknown) — candidate reference tools for deeper provenance: FOSSology (Linux Foundation compliance workspace), LicenseFinder, ClearlyDefined (crowdsourced licensing/provenance data), Mend, Black Duck. SPDX (ISO/IEC 5962) is the standard schema this conforms to.",license_classification [checks: license_classification:license_risk_tier],Code Analysis,*,resource,X,,,X,,X,,,,X,,,Select;Certify,2026-09-21: reworded from repo-only to cross-type wording (multi-resource-questions-design.md §4) as part of the re/db-questions-csv authoring stream.,
Is intellectual property (IP) provenance managed via CLA or DCO?,Analysis,Protects the organization from copyright infringement claims from unauthorized third-party contributions.,"Reports which mechanism is in use — DCO sign-off in commit trailers, a CLA bot configuration, or a CONTRIBUTING.md statement — rather than a yes/no.",contribution_provenance,Code Analysis,repo,resource,X,X,X,X,,,,,,X,,,Select;Certify,contribution_provenance shipped 2026-09-01; the row was marked GAP until 2026-09-02.,
"Does the software contain telemetry, phone-home mechanisms, or external metrics tracking?",Analysis,"Prevents unauthorized leakage of internal network metadata, system details, or usage patterns.","Matches known telemetry and analytics SDK imports and endpoints in source, and separately checks whether each match is disclosed in the repo's own docs. An undisclosed match is the finding, not the presence of telemetry.",telemetry_scan,Code Analysis,repo,resource,,,,,,,X,,,X,X,X,Assess;Certify,telemetry_scan shipped 2026-09-01; the row was marked GAP until 2026-09-02.,
"For AI/ML assets, what licensing or usage constraints apply to models, weights, or datasets?",Analysis,"Open-source software licenses (e.g., Apache 2.0) often differ from model weights (e.g., OpenRAIL, Llama) or training data constraints.","Needs model-card/dataset-file detection — real gap, AI Governance tooling category.",GAP: model-card/dataset-file detection (AI Governance tooling category),Gap,repo,resource,,X,,,,X,X,,X,,,,Select;Certify,,
"How does the repository handle secrets, credentials, and sensitive configurations?",Analysis,Prevents hardcoded secrets or unencrypted credential passing in containerized and automated deployment environments.,"Runs a vendored gitleaks ruleset over the HEAD snapshot of tracked files, naming the ruleset and commit. Never claims 'no secrets' — only 'no matches against this ruleset, in this snapshot' — and says nothing about git history, where a removed secret still lives.",secret_scan,Code Analysis,repo,resource,,,,,,,,,,X,X,X,Assess;Certify,secret_scan shipped 2026-09-01; the row was marked GAP until 2026-09-02.,
Does the repository publish a clear process for reporting security vulnerabilities?,Analysis,Knowing how to responsibly disclose a finding — and whether maintainers take security seriously — matters before we rely on this.,"Reads SECURITY.md's content for an actual disclosure process, not just the file's presence — which is reported separately.",repo_conventions + security_scan [checks: repo_conventions:security_policy_content],Code Analysis,repo,resource,,X,,,,,,,,X,,,Certify,"The row once read 'repo_conventions - RAG read?', which the generator could not parse into a kind, so the question was unanswerable despite being correctly wired.",
Does the repository have automated build tooling in place?,Analysis,Independent of CI wiring — a Makefile/build.gradle/pyproject build-system table means it can be built locally even if CI is absent or broken.,"Covers whether build tooling configuration is present and whether CI actually runs, tests and gates.",repo_conventions + ci_quality [checks: repo_conventions:automated_build],Code Analysis,repo,resource,,,,,,X,,,,,X,,Certify;Deploy,Same parser problem as the vulnerability-reporting row: a trailing '- RAG read?' left the kind unknown and the question unanswerable.,
Is this repository already self-described for an enterprise catalog (e.g. Backstage catalog-info.yaml)?,Assessment,"A strong, cheap signal that this repo is already integrated into some enterprise inventory, independent of which catalog it names.",repo_conventions detects catalog-info.yaml and equivalent self-description files. Same parser problem — the row was wired correctly and phrased in a way the generator read as unknown.,repo_conventions [checks: repo_conventions:catalog_info],Code Analysis,repo,resource,,X,X,,,,,,,,X,,Share,,
"Has this resource already been surveyed at any tier, and what did earlier signals reveal?",Discovery,Avoid re-deriving what's already known; ground the decision in prior signal instead of starting cold.,"Direct field — last_surveyed_at, is_published (egeria_asset_guid), and any locally-cached findings/metrics history already surfaced by the resource's own analysis cards.",N/A — direct field (last_surveyed_at/egeria_asset_guid; scoped analysis-history queries),Direct Field,*,resource,,,X,,,,,,X,,X,,Explore;Maintain,,
Which Survey Definition should I run — a quick coarse check or the full deep survey?,Discovery,"Running the wrong tier wastes time (full survey when a coarse check would do) or leaves real gaps (coarse-only when depth was actually needed) — the choice should be informed, not default.",Survey Definitions carry their own step lists/descriptions and survey_kind tag; the Discovery candidates list surfaces exactly this per-step breakdown before committing to run one.,"N/A — direct field (Survey Definition candidates list, step/survey_kind detail)",Direct Field,*,resource,,,X,,,,,,X,,X,X,Explore,,
"Based on what's already known, is this worth investigating further, or should it be deprioritized?",Discovery,"Discovery-tier signal (license risk, maturity, conventions) is exactly the point a go/no-go call should get made and recorded, not lost.","Disposition control (Track/Investigate/Recommend/Abandon/Ignore) plus history — the same repo_dispositions state Scouting already exposes, now reachable directly from Discovery too.",N/A — direct field (repo_dispositions) - there is some heuristic we might need to compute to recommend a disposition,Direct Field,*,resource,,X,X,X,,,,,,,,,Explore;Select,,
How much has changed since the last time this was surveyed — is it worth re-running now?,Discovery,Re-surveying on a blind schedule wastes cycles; knowing whether anything material actually changed first is the real Discovery-tier judgment.,"notification_detector.py's latest-two-runs comparison, surfaced via an Automate subscription once a schedule exists for the analysis — real today, but only reachable once that subscription is set up.",N/A — Automate subscription (notification_detector's change comparison),Automate Change Detection,*,resource,,,X,,,,,,X,,,,Maintain,"2026-09-21: stage moved Automate -> Discovery (design §2.1 -- automation is a property of any survey, not a funnel stage) as part of the re/db-questions-csv authoring stream.",
"Is there a Survey Definition authored for this resource's technology type at all, or is that a catalog gap?",Discovery,"A resource type with no Survey Definition authored yet is itself a real, actionable finding — a catalog gap someone should close — not a silent empty list.",Direct field — the candidates list itself; an empty result for a technology type with real registered resources is the signal.,"N/A — direct field (Survey Definition candidates list, empty-result case)",Direct Field,*,resource,,X,,,,,,,,,,X,Explore;Share,,
"What kind of thing is this repository — a library, an application, a tool, or samples?",Discovery,"The same signal means different things depending on what the repo is; a tutorial with no tests is fine, a library with none is not.","repo_classification exists and nothing asked for it. It also decides whether architecture recovery is worth running, so it gates later tiers.",repo_classification,Code Analysis,repo,resource,,,,,X,,,,X,,X,,Explore;Select,,
"What components exist in this repository, and what kind is each?",Discovery,"I need to know what I would be taking on before committing to it, and whether its own documentation matches what the code actually does.","architecture_recovery, architecture_summary and architecture_doc_lens all exist; no question referenced any of them. The doc lens specifically compares documented architecture against recovered architecture.",architecture_recovery + architecture_summary + architecture_doc_lens,Code Analysis,repo,resource,,,,,,X,,,X,,X,,Explore;Learn;Select,,
How do its components relate to each other?,Discovery,"I need to know what I would be taking on before committing to it, and whether its own documentation matches what the code actually does.","Split from the combined 'internal architecture' question 2026-09-08 (Dan: is a separate question worth splitting out; chat-facts rendering cannot flatten a component graph into bullet text at any real scale, so this half needs its own answer, not a share of the other one's). architecture_diagram is the Mermaid diagram + caption rendered from architecture_recovery/architecture_summary at survey time -- previously computed and persisted, never read back by anything.",architecture_diagram,Code Analysis,repo,resource,,,,,,X,,,X,,X,,Explore;Learn;Select,,
What languages and file types make up this repository?,Scouting,Language mix is the cheapest signal of whether this is something we can maintain in-house.,"Counts files by language and type from the file inventory, and lines of code, comments and docstrings across the source files; no fetch beyond the inventory Scouting already holds.",language_file_classification,Code Analysis,repo,resource,,,,,X,,,,X,,X,,Explore;Select,language_file_classification is one of the oldest analyses here and no question referenced it until this row was added.,inadequately answered today
"What data files does it ship, and what shape are they?",Analysis,Bundled data can carry licensing and privacy obligations that the repo's own licence does not cover.,An inventory and shape profile of the data files shipped in the repository.,data_file_profiling,Code Analysis,repo,resource,,,,X,,,X,,X,,,,Explore;Assess,data_file_profiling existed before any question referenced it.,
What APIs and code symbols does it expose to callers?,Analysis,"The published surface is what we would actually be coupling to, and what breaks on upgrade.",Covers the extracted code symbols and the interfaces implied by dependencies; a published contract is detected only where a specification file exists.,api_structure + interface_surface,Code Analysis,repo,resource,,,,,X,X,,,X,,X,,Select;Deploy;Learn,api_structure and interface_surface both existed before any question referenced them.,
How does it score against OpenSSF Scorecard-style criteria?,Assessment,"A named, comparable rubric is what lets me weigh several candidates against each other rather than judging each on its own terms.","foss_scorecard computes Scorecard-shaped checks from data already collected — it is NOT the upstream OpenSSF tool's own run, and a check it cannot evaluate is reported as not-established rather than as a failure.",foss_scorecard,Code Analysis,repo,resource,,X,X,,,,,,,X,,,Assess;Certify;Select,,
"Does it hold an OpenSSF Best Practices (CII) badge, and how current is the self-assessment behind it?",Assessment,A badge is a public claim by the project about itself; its age tells me how much the claim is still worth.,"cii_badge reads the real badge from bestpractices.dev rather than estimating one, and reports level together with the age of the self-assessment. No question referenced it.",cii_badge,External Service Query,repo,resource,,X,X,,,,,X,,X,,,Assess;Certify;Attest,,
How concentrated is authorship — would the project survive losing its top contributors?,Assessment,A healthy commit rate produced by one person is a different risk from the same rate produced by twenty.,"chaoss_metrics reports the elephant factor and related CHAOSS metrics on their own terms, never averaged into a score. No question referenced it.",chaoss_metrics,Git Statistics,repo,resource,,X,X,,,,,X,,,,,Assess;Maintain,,
How much code is there? How complex?,Assessment,Gives an estimate on cost to maintain.,"Both halves are answerable as of 2026-09-02. SIZE: language_file_classification carries a per-language line census — code, comment, docstring and blank — written at ingestion and at Coarse Profile refresh (pipeline.py::_record_line_census). Markdown, JSON, HTML, CSS, SQL and XML are counted as text and excluded from the code total by construction; project_stats.ingestion_lines_of_code, which counted every newline in every text file and reported 1,118,195 against ~156k real code lines on egeria-python, is retired and must not be cited. COMPLEXITY: api_structure carries the per-language max/mean it always computed, python and java only — go and javascript store 0 for every symbol because their extractors never compute it, so they are excluded and named rather than averaged in (0.32 vs 2.69 on milvus). A repo with no census reports no line counts rather than zero: not counted is not the same as no code.",language_file_classification + api_structure,Code Analysis,repo,resource,,,,,,x,,,,x,x,x,Assess;Maintain,,
What are the public interfaces?,Discovery,How do we use this - does it look like it does what we want?,"interface_surface detects which interface styles a repo exposes (http_api, grpc, graphql, messaging, soap, cli) and whether a contract is actually published, versus merely implied by a dependency. Discovery altitude: 'is there a published contract' rather than 'what symbols exist', which is the Analysis-stage question 'What APIs and code symbols does it expose to callers?' (api_structure + interface_surface).",interface_surface,Code Analysis,repo,resource,,,,,,x,x,,,x,x,x,Assess;Deploy;Explore;Learn,,"implemented for http_api/grpc/graphql/messaging requires repo_symbol_extraction to have run (it writes project_code_markers); where it has not, or where the repo's languages are outside marker coverage, the rung reports could_not_check with the reason rather than guessing implied."
"Can Egeria's survey engine reach this resource, or must Resource Explorer survey it locally — and which is cheaper?",Discovery,"Whether a survey can run at all, and where it runs, decides the cost and the provenance of every answer that follows.","Reachability is testable by running the native survey with finalAnalysisStep=CHECK_ASSET from the engine host; efficiency is a separate axis (data locality, latency to first result, load on the source, concurrency, provenance) — see multi-resource-questions-design.md §3 rule B. An unreachable resource falls back to a Resource Explorer local mirror published under the native annotation shapes, plus an RFA recording that Egeria could not reach it.","GAP: by type — filesystem: the resource_reachability probe exists (Phase 1 slice 13, 2026-09-22; CHECK_ASSET-only engine action, results in the resource_reachability table, launcher in the classic UI) but nothing reads it into this answer yet; database and repo: no reachability probe exists. The observed-cost comparison step_cost_observer already collects is unused for any type. Corrected 2026-09-27; the row previously claimed no probe existed for any type.",Egeria Queries + Direct Field,*,resource,X,,,,,,,,,,X,X,Explore;Maintain,,
"Where is this resource physically located, under which jurisdiction, and are there residency or transfer constraints?",Discovery,"Data sovereignty decides whether we may hold or process this at all, independently of what the licence permits.","Two halves. The machine half reads host and region from the connection endpoint, cloud instance metadata, or the mount and file path. The human half — legal controller, residency rule — comes through Enrichment. The result is published as a proposed Egeria DataScope classification carrying scopeElements {jurisdiction, region, controller}.",GAP: nothing populates DataScope from a survey today; endpoint geolocation and the Enrichment section are both unbuilt.,Direct Field + Egeria Queries + Human-Supplied,*,resource,,X,,X,,,X,,,X,,,Assess;Certify;Attest,,
"What is the scope of the data in time — collection period, validity and coverage?",Analysis,A consumer needs to know which period the data actually covers before trusting any answer drawn from it.,"The other half of DataScope, and machine-proposable for most types: minimum and maximum of date columns for a database, modification-time range and in-file date ranges for a filesystem, DCAT temporal for a published dataset. Human confirmation of validity and coverage comes through Enrichment.","MIXED: coverage_signals (Discovery, catalog tier — partition bounds, file-name dates, descriptor temporal fields; identity A) + coverage_profile (Analysis, data identity B — measured date ranges, cadence and gaps per table); the declared DataScope is curated from the measured one (design §16, §14)",DB Introspection + Profiling + Human-Supplied,database;filesystem;dataset,member,,X,X,,,,,,X,,,,Assess;Certify,2026-09-26: 'no mechanism' text predated design §16; now points at coverage_signals / coverage_profile (both catalogued in analysis_catalog.yaml); project owner: 'scope we should be able to have a surveyor for'.,
"Are there any restrictions for use beyond the licence — classification, zone or terms of use?",Analysis,"A permissive licence does not mean an internal classification, a governance zone or a contractual term allows the use I have in mind.","Separated from the licence question itself when that one became cross-type and moved to Scouting. Reads Egeria governance zones and classifications, the resource's own terms-of-use text, and Enrichment for anything contractual that is not written down machine-readably.","GAP: zone and classification restrictions are not read back into the question layer, and agent interpretation of non-standard terms is unbuilt.",Egeria Queries + Agent-Based Analysis,*,resource,,X,,,X,,X,,,X,,,Select;Certify,,
"Is this resource ready to be offered as a data product — owner, description, licence or agreement, schema, freshness, contact and scope?",Assessment,"The supply half of a data product: one with no accountable owner, no licence and no stated scope cannot responsibly be offered.","A composite over facts other questions already establish — Egeria Ownership, a description, License or DataSharingAgreement, a schema, freshness signals, a contact and a DataScope. Design §4 requires this and the demand question to hold together before a DigitalProduct is proposed.","GAP: no readiness composite exists, and several of its inputs (DataScope, agreement, freshness) are themselves gaps.",Egeria Queries + Human-Supplied,*,resource,,X,X,X,X,,,,,,,,Share;Certify,,
"Is there a defined need or market for this resource — subscriptions, requests, existing use, feedback or open requests for this kind of data?",Assessment,The demand half: building a data product nobody asked for costs more than it returns.,"Reads Egeria DigitalSubscription, Resource Explorer's own registry of existing use and feedback, similar-resource search hits, and open RFAs asking for this kind of data. Design §4 requires this and the readiness question to hold together before a DigitalProduct is proposed.","GAP: DigitalSubscription is not read, and RFAs are not searchable by the kind of data they ask for.",Egeria Queries + Local Registry Query,*,resource,X,X,,X,X,,,,,,,,Share;Select,,
"How big is this database — schemas, tables, views, columns, rows and bytes?",Scouting,"Size sets the cost of every later tier, and is the first thing that says whether this is a toy or a production estate.","Whole-database catalog reads only, no row data: information_schema and pg_catalog give the structural counts, and relation sizes plus row counts give the volume. Design §5.1 — extract everything the catalog already knows before reading a row.",MIXED: schema_inventory (structural counts) + row_count_snapshot (rows and bytes),Database Catalog Query,database,resource;container,X,,,,,,,,X,,,X,Explore;Select,,
"Which schemas carry the data, and which are system, empty or staging?",Scouting,Knowing which schemas matter stops every later analysis from paying to profile scratch and system objects.,"Derived from the same catalog read as the size question — object counts and sizes per schema, plus name conventions. Cheap, whole-database, no row data.",schema_inventory,Database Catalog Query,database,container,,,,,,,,,X,,X,,Explore,,
"Is this database alive — writes since the statistics were reset, last vacuum or analyse, and is anything reading it?",Scouting,"A database nobody writes to and nobody reads is a retirement candidate, not a survey candidate.","pg_stat_user_tables carries n_tup_ins/upd/del, n_live_tup, n_dead_tup, last_vacuum/autovacuum/analyze, seq_scan and idx_scan; pg_stat_database carries the transaction and block counters. All of it is a catalog read. Note the two absence modes design §5.1 calls out: a counter the engine does not support is not_established, and statistics that were never collected must render as ""run ANALYZE"", not as ""no activity"".","db_activity_signals (design §5.2, §5.7 — database-wide roll-up of pg_stat_user_tables tuple and scan counters; reuses postgres_schema_and_stats' per-table figures rather than re-querying them)",Database Catalog Query,database,resource;member,,,X,X,,,,,,,,X,Maintain;Assess,,
Is this database documented — what fraction of its tables and columns carry comments?,Scouting,Undocumented tables are the single biggest obstacle to anyone reusing a database they did not build.,"pg_description via obj_description and col_description gives comments per table and per column; the measure is coverage, not presence. Note rule 13 in the package CLAUDE.md — these need the schema-qualified (schema.table)::regclass form.","GAP: nothing measures comment coverage across a database's tables and columns. Design §5.2 proposes a new database comment-coverage analysis; its proposed id is deliberately not spelled out in this note, because it contains a readable repo analysis id as a substring and the stale-gap guard matches on substrings.",Database Catalog Query,database,resource;container,,,X,,X,,,,,,,,Assess;Share,,
"What engine and version is this, which extensions are installed, and is the version still supported?",Scouting,An unsupported engine version is a security and upgrade liability before anything about the data matters.,"Server-level rather than database-level — design §5 makes server, database, schema and table each addressable, and this row belongs to the server subset. Sources: version(), pg_settings, pg_extension, and the upstream support window for the major version.","GAP: db_server_profile (proposed, server-level) — no analysis reads pg_settings, pg_extension or the version support window.",Database Catalog Query,database,resource,,,,,,,,,,X,X,X,Explore;Maintain,,
"Is this database a primary or a replica, is it clustered, and is WAL archiving or backup configured?",Scouting,"Whether the data survives a failure is a property of the deployment, not of the schema, and nothing else in a survey reveals it.","Catalog-observable: pg_is_in_recovery() for the primary/standby role, pg_stat_replication for standbys and replay lag, pg_settings.archive_mode with pg_stat_archiver for WAL archiving, pg_extension and roles for backup tooling such as pgBackRest, barman or wal-g, Citus catalogs for clustering. Design §5.5 — last successful backup and tested restore are NOT observable and are asked separately.","db_resilience (design §5.5, MIXED — catalog half measured directly: primary/standby, replicas and lag, WAL archiving status, backup-tool/Citus-clustering signals; Enrichment half stays explicitly pending, never silently omitted)",Database Catalog Query + Human-Supplied,database,resource,,,,X,,,,,,,,X,Assess;Maintain,,
"When was this resource last backed up successfully, and has a restore ever been tested?",Enrichment,"These are the two resilience questions a data owner actually asks, and the two that nothing inside the resource itself can answer.","Design §5.5 draws the line explicitly for databases: primary/standby role, replicas, WAL archiving and extension-based backup tooling are catalog-observable, while last successful backup, tested restore and RPO/RTO are not, for any resource type. They come from an Enrichment ""Backup and recovery"" section, and the answer envelope must say which half answered.","MIXED: db_resilience (machine half — backup-tool signals and WAL archiving status, explicitly non-definitive: absence of a detected tool is not absence of backups) + human-supplied via the Enrichment Context form (last successful backup, last tested restore, RPO/RTO)",DB Introspection + Human-Supplied,database;filesystem,resource,,X,,X,,,,,,,,X,Assess;Attest;Maintain,"2026-09-26: moved to Enrichment (project owner, live review): the definitive answer is human; db_resilience's backup-tool signal is shown as non-definitive supporting evidence.",
"What kind of database is this — transactional, analytical, reference data, staging or a copy?",Discovery,The kind of database decides which later analyses are worth paying for at all.,"Zero new fetch — reasons over what Scouting already stored: table shapes, foreign-key density, naming conventions, read/write ratios from the tuple counters, and the query mix if pg_stat_statements is installed.","db_classification (design §5.3, §5.7 — derived from stored table shapes, key/FK density, naming patterns and the read/write mix in stored tuple counters; confidence scales with how many signal families were available)",Database Catalog Query,database,container,,,,,,,,,X,,X,,Explore;Select,,
"Is there a data model here — do the tables relate through foreign keys, or is this a bag of tables?",Discovery,A database with no declared relationships needs a very different kind of attention from one with a real model.,"Zero new fetch: the foreign-key constraints Scouting already read become a graph, and the measure is connectivity — orphan tables, components, in-degree.","db_relationship_graph (design §5.3, §5.7 — builds the FK graph from stored column rows: edge count, connected components, isolated tables, most-referenced tables)",Database Catalog Query,database,container,,,,,,,,,X,,X,,Explore;Learn,,
What is the grain of each table — one row per what?,Discovery,Grain is the first thing a consumer has to know and the last thing most databases write down.,"Inferred from primary-key composition, column names, n_distinct approaching the row count, and date columns — emitted as an Egeria DataGrainAnnotation with a grainStatement and a confidence. Shared with the filesystem path, where the same inference runs over a data file's columns.","grain_determination (design §5.3, §5.7 — derived from the declared primary key, or a stored column profile whose distinct count matches the row count, plus any date column in the key; extended 2026-09-24 with §16.3's time grain from naming — a period word or date-shaped suffix in the table name, or a column named like a date whatever its type — each interval carrying the basis it came from and a confidence for it, so a key-declared period is no longer indistinguishable from a guess about a naming habit; published as a DataGrainAnnotation proposal)",Database Catalog Query + Agent-Based Analysis,database;filesystem,member,,,X,,X,,,,X,,,,Explore;Learn;Assess,"2026-09-24: extended with multi-resource-questions-design.md §16.3's time grain from naming (table-name period words, Postgres child-partition date suffixes, date-named columns of non-temporal type), each with an explicit interval_basis and interval_confidence. The entity-grain-from-keys half of §16.2 was already built and is unchanged. §16.2's literal year=/month=/day= partition keys are a filesystem layout and are not looked for here.",
"Is this a copy, subset or superset of a resource we already know — structurally, by schema or file signature?",Discovery,"Paying to survey, host and govern the third copy of the same database is a cost nobody decided to take on.","A schema signature — table and column names, types, key structure — hashed into a fingerprint and compared against the fingerprints of databases already in the registry. Egeria's FingerprintAnnotation is the publication shape.","PARTIAL: db_fingerprint answers it for databases (a structural signature over schema shape — likely_copy / likely_subset_of / likely_superset_of, design §5.3); for filesystems it is a GAP until file_fingerprint (design §6.2) exists",Database Catalog Query + Local Registry Query,database;filesystem,container,X,,X,,,,,,,,X,,Explore;Select,"2026-09-26: reworded and widened to filesystems as the structural-similarity member of the three-way split of 'What are similar resources' (project owner); databases keep db_fingerprint, filesystems are a GAP until file_fingerprint exists. | 2026-09-26: Answering Analysis rewritten as PARTIAL: — the widened note had broken the bare-analysis-id convention and left the row kind=unknown (caught by test_catalog_invariants in #299's CI).",
"Are there views, materialised views, functions or triggers that encode business logic?",Discovery,Logic hidden in views and triggers is logic no application-level survey will ever find.,"The DDL is already in the catalog (pg_views, pg_matviews, pg_proc, pg_trigger) and Resource Explorer already parses view DDL with SQLGlot for dependencies, column lineage and complexity. What is missing is the link from that step's output back to the question layer.","PARTIAL: the sql_analysis survey step parses view DDL with SQLGlot, but it is a survey step only — analysis_catalog.yaml has no sql_analysis entry, so nothing in the question layer resolves its result.",Code Analysis,database,container,,,,,,X,,,X,,X,,Explore;Learn,,
Which tables would a consumer start with?,Discovery,"A hundred-table database with no entry point is functionally undiscoverable, however well it is catalogued.","A ranking rather than a measure: foreign-key in-degree, row counts, presence of comments and read activity from the scan counters, combined into a short starting list. Zero new fetch.",GAP: db_hub_tables (proposed) — every input exists; nothing combines them into a ranking.,Database Catalog Query,database,member,,,,,X,X,,,X,,,,Explore;Learn,,
"Which columns hold semi-structured data (JSON, JSONB, XML, arrays or hstore), and how much of the data sits in them?",Discovery,"Data hidden inside JSON columns is invisible to every schema-level question, and is often where the interesting fields live.","Zero new fetch — the column types are already in the catalog read; what is derived is which columns are semi-structured and what share of the stored bytes they account for. The contents themselves are a separate, more expensive Analysis question.",PARTIAL: nested_column_profile (design §5.4; Phase 1 slice 11) classifies JSON/JSONB/XML/array/hstore columns from the stored column types and infers their nested structure by bounded sampling; chained into GovActionProcess::DatabaseAnalysisSurvey. Remaining gap: the share of stored bytes those columns account for is not measured by any analysis. Corrected 2026-09-27; the row previously claimed no analysis classified a column as semi-structured.,Database Catalog Query,database,field,,,,,,X,,,X,,,,Explore;Assess,,
"What is this data about — which subjects, business terms or data classes does it appear to hold?",Discovery,"A consumer shopping for data searches by subject, not by table name; a resource nobody can describe is a resource nobody finds.","Free at Scouting cost (design §16.2): table and column names plus pg_description comments already sit in RE's stored rows, so candidate subject terms need no new fetch. Confidence is low-medium on purpose — §16.2's ""a name is a claim"".","subject_signals (design §16.2, §16.3 — candidate subject terms from stored table/column names and pg_description comments, each carrying its basis: a comment outranks a name and a term in both outranks either. NOT matched against Egeria's glossary or a data-class registry, because the step opens no connection — an unmatched term means ""not looked up"". A database whose names are wholly structural is a real finding pointing at Enrichment; a database with no comment anywhere reads as ""comments not captured"")",Database Catalog Query,database,container;member,,,X,,X,,,,X,,,,Explore;Learn;Select,"2026-09-24: added with multi-resource-questions-design.md §16.3's Scouting/Discovery rows. §16.3 files this question under Scouting; it is recorded as Discovery here (and tagged intent: discovery in analysis_catalog.yaml) because CLAUDE.md rule 17's axis is ""does this collect, or reason over what is already collected"" and this reasons over stored rows — the same judgement that already placed grain_determination, also a §16.3 Scouting row, in Discovery. §16.2's Scouting placement is about the signal being free, and it is: no fetch is added.",
"What period and places does this appear to cover, from catalog statistics and names alone?",Discovery,"Data that does not cover the period or the places being asked about is out of scope however good it is, and finding that out after the expensive pass is the waste the funnel exists to avoid.","design §16.2: pg_stats histogram bounds give a date column's min and max WITHOUT reading rows. Its own warning is the load-bearing part — ""absent means 'run ANALYZE', not 'no dates'"" — so the two states are separately named rather than collapsed.","coverage_signals (design §16.2, §16.3 — period from pg_stats histogram bounds and exact min/max where a native survey stored them; absence of bounds is reported as ""run ANALYZE / credential cannot see pg_stats"", NEVER as ""no dates"", and ""no date column at all"" is a separate, measured negative. Places are the NAMES of place-bearing columns only — which regions are present needs the values, deferred to coverage_profile. PARTIAL: partition bounds would be exact and free and nothing in RE collects them, reported as a collection gap; Parquet footers and DCAT temporal/spatial descriptors are filesystem/dataset work, not attempted here)",Database Catalog Query,database,member,,X,,,X,,,,,,,,Explore;Select;Assess,"2026-09-24: added with multi-resource-questions-design.md §16.3's Scouting/Discovery rows. §16.3 files this question under Scouting; it is recorded as Discovery here (and tagged intent: discovery in analysis_catalog.yaml) because CLAUDE.md rule 17's axis is ""does this collect, or reason over what is already collected"" and this reasons over stored rows — the same judgement that already placed grain_determination, also a §16.3 Scouting row, in Discovery. §16.2's Scouting placement is about the signal being free, and it is: no fetch is added.",
Could this be in scope for what I am looking for — worth the full pass?,Discovery,"This is the gate: it decides whether the Analysis-tier aggregate pass is worth paying for on this resource, from signals that cost nothing.","design §16.3's Discovery gate and §16.5 point 2 — fit is a query over stored measurements, not a survey, so changing the requirement recomputes fit across every already-surveyed resource at zero fetch cost, and the same question works with no requirement at all as a comparison across resources.","preliminary_fit (design §16.3, §16.5 — zero-fetch comparison of subject_signals, coverage_signals and grain_determination's time grain against a supplied data requirement, with per-input confidence. Four verdicts kept distinct: fits; does not fit; could_not_check when an input was itself not established — the pg_stats/ANALYZE case, never rendered as either of the first two; and ""no requirement declared"" when none is supplied, which carries what the resource COULD satisfy instead of a vacuous pass. Regions, data classes and grain statements are carried through as deferred criteria naming the analysis that answers them, never scored here. GAP, deliberate and scoped: the full DataLens governance definition — versioned, investigation-scoped, with Curate-tier ""make this my lens"" actions, §16.5 points 3-5 — is not built; this takes a plain lens mapping or none, on §16.6's own authority)",Database Catalog Query + Local Registry Query,database,container,X,,,,X,,,,,,,,Explore;Select,"2026-09-24: added with multi-resource-questions-design.md §16.3's Discovery gate. Built WITHOUT the full DataLens governance-definition model (§16.5 points 3–5), on §16.6's own authority — ""preliminary_fit works before it exists, as a comparison across resources"". It takes a plain lens mapping using §16.6's scopeElements key names, or none at all, in which case it renders ""no requirement declared"" plus what the resource could satisfy.",
"What is the full schema — tables, columns, types, keys, constraints and indexes?",Analysis,"The schema is the contract, and every structural question downstream is asked against it.","The complete catalog read: information_schema and pg_catalog for schemas, tables, columns and types; pg_constraint for primary, foreign, unique and check constraints; pg_index for indexes. Published under Egeria's own Relational* metric keys so a native and a local run are comparable (design §2.2).",schema_inventory,Database Catalog Query,database,member;field,,,,,,,,,X,,X,,Explore;Assess;Deploy,,
"What do the columns actually contain — nulls, distinct counts, most-common values, ranges and widths?",Analysis,Types say what a column may hold; only the values say what it does hold.,"pg_stats, populated by ANALYZE, already carries null_frac, n_distinct, most_common_vals, most_common_freqs, histogram_bounds, avg_width and correlation — column profiling with no sampling at all. Value sampling is the fallback for columns whose statistics are stale or missing. Design §5.8: the answer envelope must state which route ran and, when sampled, the strategy, bound and seed.","PARTIAL: the postgres_column_profile step (Phase 1 slice 10) reads pg_stats (null fraction, distinct count, most-common values, widths) and falls back to bounded sampling where pg_stats is absent; chained into GovActionProcess::DatabaseAnalysisSurvey (published 2026-09-26). No analysis id yet reads that profile back into THIS answer — data_class_match and reference_data_match consume it for their own questions. Corrected 2026-09-27; the row previously claimed no sampling fallback existed.",Database Catalog Query + Value Profiling,database,field,,,X,,,,,,X,,,,Assess;Learn,,
"Which columns conform to a known Data Class, with what confidence, and which look like a class we do not have yet?",Analysis,Knowing where the sensitive data actually sits is the precondition for every privacy and access question after it.,"Generalises the existing PII matching: column name, type and sampled value patterns matched against every Egeria DataClass, producing a DataClassAnnotation per column with a stated confidence. Columns that show a clear pattern but match nothing raise an RFA proposing a new Data Class, carrying the observed pattern. Per design §5.8 the confidence is always stated against the sample, never as an unqualified ""conforms"".","data_class_match (Phase 1 slice 10, design §5.4/§5.8 — matches column name, type and bounded value sampling against every Egeria DataClass the platform holds, producing a DataClassAnnotation per column; an unmatched-but-patterned column is proposed as a new DataClass with contentStatus: DRAFT, linked to its evidence via AssociatedAnnotation)",Value Profiling + Egeria Queries,database;filesystem;dataset,field,,X,X,,,,X,,,X,,,Assess;Certify;Remediate,,
"Which low-cardinality columns conform to a known reference-data set, and which should become one?",Analysis,"Uncontrolled code columns are where data quality quietly fails, and they are cheap to find.",Columns whose n_distinct falls under a threshold have their distinct values compared against every Egeria ValidValueSet. A full match becomes ValidValuesAssignment advice; a partial match raises an RFA listing the unmatched values; no match at all raises an RFA proposing a new ValidValueSet carrying the values.,"reference_data_match (design §5.4 — compares each low-cardinality column's sampled distinct values against every Egeria ValidValueSet: a full match becomes ValidValuesAssignment advice, a partial match raises an RFA listing the unmatched values, and no match at all proposes a new ValidValueSet carrying the values)",Value Profiling + Egeria Queries,database;filesystem,field,,X,X,,,,,,X,,,,Assess;Remediate,,
"What is inside the JSON, JSONB and XML columns — keys, nesting, types, and consistency across rows?",Analysis,"A schema that stops at ""jsonb"" describes the column and says nothing about the data.","JSONB via jsonb_object_keys and jsonb_typeof over a bounded sample, giving key frequency, nesting depth and type consistency across rows; XML via the root element and xpath key sampling. The result is a SchemaAnalysisAnnotation carrying an inferred nested schema, sharing its inference core with the filesystem path's JSON and XML file profiling.","nested_column_profile (design §5.4/§5.7, postgres_nested_columns — samples every JSON/JSONB/XML column and infers a nested schema: per-key presence frequency and JSON-type consistency, or for XML the root element and element/attribute name frequency, plus nesting depth)",Value Profiling,database,field,,,,,,X,,,X,,,,Assess;Learn,,
"Which tables have no primary key, no foreign key, no comment, unused indexes, or names that break the convention?",Analysis,"These are the specific, fixable defects behind a vague sense that a database is badly kept.","Check-granular in the same shape as the repository conventions analysis: each defect is its own named check so an assessment can cite it and a subscription can watch it. All of it reads the catalog, including pg_stat_user_indexes for indexes nothing uses.","schema_conventions (design §5.4, §5.7 — check-granular structural hygiene derived from stored rows: no primary key, no foreign key, no comment, non-snake_case names; does not cover unused indexes, which needs a live pg_stat_user_indexes read)",Database Catalog Query,database,member,,,X,,,,,,X,,X,,Assess;Remediate,,
"What does this database depend on outside itself — foreign data wrappers, dblink, extensions or publications?",Analysis,"An external dependency is a reachability, security and upgrade constraint that the schema alone never shows.","pg_foreign_server and pg_foreign_table for FDWs, pg_extension for extensions including dblink, pg_publication and pg_subscription for logical replication. A catalog read, no row data.","db_external_dependencies (design §5.4 — extensions, foreign data wrappers/servers/tables, logical replication publications/subscriptions)",Database Catalog Query,database,resource,,,,,,,,,,X,X,X,Assess;Deploy,,
"Who can read and write what — roles, grants, superusers, PUBLIC grants, and are sensitive columns readable broadly?",Analysis,Access is only half an answer; access crossed with sensitivity is the half anyone acts on.,"pg_roles, role_table_grants and pg_default_acl give the access half and already have an analysis. The sensitivity half needs column-level Data Class matching, and the question is the cross of the two — which is why a broad PUBLIC grant on an unremarkable table and the same grant on a table of personal data read identically today.","PARTIAL: privilege_audit answers the roles, grants, superuser and PUBLIC-grant half; the sensitive-column half needs the proposed data_class_match and the join between the two, neither of which is built.",Database Catalog Query,database,resource;member,,X,,,,,X,,,X,,X,Assess;Certify;Remediate,,
"How is this database changing — rows inserted, updated and deleted per table per period, size drift and schema churn?",Analysis,A point-in-time survey cannot distinguish a busy table from an abandoned one; the deltas can.,"Deltas of the n_tup_ins/upd/del counters and of relation sizes between two stored snapshots, per table, producing a series the Understanding tier can chart and the change detectors in design §9 can threshold. Depends on the structured per-snapshot tables, not on re-parsing the survey JSON blob.","db_change_rates (design §5.4, §5.7 — rows inserted/updated/deleted per table per period, size drift and schema churn, differenced between two stored survey snapshots)",Trend Chart,database,member,,,X,X,,,,,,,,X,Maintain;Assess,,
Which glossary terms do these columns probably mean?,Analysis,Columns bound to agreed terms are the difference between a catalogued database and an understandable one.,"Suggestions rather than assignments, drawn from column names, any matched Data Classes and any matched reference-data sets, and published as Egeria SemanticAnnotations for a steward to accept or reject.",GAP: semantic_suggestions (proposed) — SemanticAnnotation exists as a type and nothing produces one.,Egeria Queries + Agent-Based Analysis,database;filesystem,field,,,X,,X,,,,X,,,,Learn;Share,,
How complete and consistent is this database's documentation?,Assessment,"Documentation coverage is the scored version of the Scouting comment question, and the one a steward is measured on.",Scores the coverage measure against criteria and adds the convention checks — a database where every table has a comment but half of them repeat the table name is not well documented.,"PARTIAL: schema_conventions supplies the completeness half (tables and columns with no comment, banded against nothing-captured); it checks presence only -- no analysis scores comment quality or consistency (e.g. a comment that only repeats the table name), so that half of the question stays a gap.",Database Catalog Query,database,container,,,X,,X,,,,,,,,Assess;Share,,
What is the sensitive-data exposure — which sensitive columns can which roles read?,Assessment,"This is the question a privacy review actually asks, and it is a cross of two analyses rather than either one.","The scored form of the access-and-sensitivity question in Analysis: sensitive columns identified by Data Class matching, crossed with who holds read access to them, weighted by the breadth of the grant. A PUBLIC grant on a column of personal data is the finding this exists to surface.","PARTIAL: privilege_audit supplies who can read what; the sensitive-column half needs the proposed data_class_match, and nothing crosses the two today.",Database Catalog Query,database,field,,X,,,,,X,,,X,,,Assess;Certify;Remediate,,
"How well-modelled is this database — keys, constraints, foreign-key coverage, orphan tables and grain clarity?",Assessment,Modelling quality predicts how expensive this database will be to integrate with anything else.,Scores the convention checks together with grain clarity: a table whose grain cannot be stated is a modelling defect even when its constraints are all present.,"MIXED: schema_conventions (keys and constraints -- tables with no primary key, tables with no foreign key) + db_relationship_graph (foreign-key coverage, connected components, isolated/orphan tables) + grain_determination (per-table grain clarity, or a named modelling gap where none exists)",Database Catalog Query,database,container,,,X,,,,,,X,,X,,Assess,,
How well-governed is this database's reference data — what share of its low-cardinality columns are bound to a set?,Assessment,"Reference-data governance is measurable as a share, which makes it one of the few governance claims that can be tracked over time.",The denominator is the columns whose cardinality makes them reference-data candidates; the numerator is those bound to an Egeria ValidValueSet. Both come from the reference-data matching analysis.,"PARTIAL: reference_data_match supplies the per-column checks (built, not proposed) -- which columns are low-cardinality, and whether each is matched, partially matched or unmatched against a ValidValueSet -- but nothing aggregates those verdicts into the governance share this question asks for.",Egeria Queries,database,container,,X,X,,,,,,,,,,Assess;Certify,,
"Is this database maintained and healthy — vacuum recency, dead-tuple ratio and unused indexes?",Assessment,Operational neglect shows up in the statistics long before it shows up as an outage.,"Scores the activity signals against thresholds: how long since the last vacuum or analyse, the ratio of dead to live tuples, and indexes that have never been scanned. Remember design §5.1's absence rule — statistics that were never collected must not read as a healthy zero.","db_activity_signals (design §5.2, §5.7 — vacuum recency and dead-tuple ratios read from the same stored pg_stat_user_tables figures as the activity-signals roll-up above)",Database Catalog Query,database,resource;member,,,X,,,,,,,,,X,Maintain;Assess,,
"Is this database resilient — replica present, archiving on, backup evidence and a tested restore?",Assessment,"A data owner signing off on a database is signing off on its recovery, not its schema.","Design §5.5 makes this deliberately two-sided: the catalog facts (role, replicas, archiving, backup tooling) and the Enrichment facts (last successful backup, tested restore, RPO and RTO). The envelope must say which half answered, because a green score drawn only from the catalog half would claim something nobody verified.","db_resilience (design §5.5, MIXED — combines the catalog-read half above with an Enrichment 'Backup and recovery' section that stays explicitly pending rather than silently omitted)",Database Catalog Query + Human-Supplied,database,resource,,X,,X,,,,,,,,X,Assess;Attest,,
"What kinds of files does this filesystem contain, and how much data is there?",Scouting,Need a basic inventory before deciding whether deeper analysis of this filesystem is worth the time.,"File walk classifies every file by format and type, records sizes and timestamps — RE's baseline inventory for a filesystem resource, the filesystem equivalent of schema_inventory for a database.",filesystem_inventory,Code Analysis,filesystem,resource,,,X,,,,,,X,,,X,Explore;Select,"2026-09-22: added — filesystem_inventory is a real, registered analysis (file walk, format/size/timestamp classification, tabular data-file schema profiling) that had zero question coverage in this catalog, not even a GAP row. Confirmed via a live query against Egeria that no content-pack element covers filesystem or reachability questions, so there is no overlap risk in adding these.",
"Does this filesystem contain recognizable tabular or structured data files, and what do their schemas look like?",Discovery,Whether a filesystem holds usable structured data determines whether it's worth treating as a dataset source.,"filesystem_inventory profiles tabular data file schemas (CSV, Excel, Parquet) it recognizes during the same walk — this reuses that profiling rather than a separate pass.",filesystem_inventory,Code Analysis,filesystem,member,,,,,X,X,,,X,,,,Explore;Select,"2026-09-22: added — filesystem_inventory is a real, registered analysis (file walk, format/size/timestamp classification, tabular data-file schema profiling) that had zero question coverage in this catalog, not even a GAP row. Confirmed via a live query against Egeria that no content-pack element covers filesystem or reachability questions, so there is no overlap risk in adding these.",
