slug,entity_type,step_key,surveyed_at,source,executor,demanded_by,metrics,declared,disagreement
egeria_python_git,repo,repo_website_ingestion,2026-09-24T18:22:30.186723,local,local,"","{""wall_ms"": 940.5, ""cpu_ms"": 55.2, ""bytes_fetched"": 0, ""bytes_complete"": true, ""api_calls"": 0, ""api_calls_by_host"": {}, ""egeria_calls"": 0, ""llm_tokens_in"": 0, ""llm_tokens_out"": 0, ""cache_hits"": 0, ""cache_misses"": 0, ""acquisition"": ""not-consulted"", ""connects"": 2, ""annotations"": 1, ""questions_answered"": 0, ""outcomes"": [], ""interpretable"": true}","{""fetch_cost"": ""download"", ""compute_cost"": ""medium""}",""
egeria_python_git,repo,repo_rag_ingestion,2026-09-24T18:22:30.186723,prefect,prefect,"","{""wall_ms"": 1843.4, ""cpu_ms"": 109.3, ""bytes_fetched"": 686595, ""bytes_complete"": true, ""api_calls"": 2, ""api_calls_by_host"": {""api.github.com:443"": 2}, ""egeria_calls"": 0, ""llm_tokens_in"": 0, ""llm_tokens_out"": 0, ""cache_hits"": 0, ""cache_misses"": 0, ""acquisition"": ""not-consulted"", ""connects"": 1, ""annotations"": 1, ""questions_answered"": 0, ""outcomes"": [""recovered""], ""interpretable"": true}","{""fetch_cost"": ""download"", ""compute_cost"": ""high""}",""
egeria_python_git,repo,repo_file_inventory,2026-09-24T18:22:30.816566,local,local,"","{""wall_ms"": 2511.5, ""cpu_ms"": 1188.1, ""bytes_fetched"": 0, ""bytes_complete"": true, ""api_calls"": 0, ""api_calls_by_host"": {}, ""egeria_calls"": 0, ""llm_tokens_in"": 0, ""llm_tokens_out"": 0, ""cache_hits"": 0, ""cache_misses"": 0, ""acquisition"": ""not-consulted"", ""connects"": 0, ""annotations"": 1, ""questions_answered"": 0, ""outcomes"": [""recovered""], ""interpretable"": true}","{""fetch_cost"": ""download"", ""compute_cost"": ""low""}",""
egeria_python_git,repo,repo_manifest_parse,2026-09-24T18:22:30.816566,local,local,"","{""wall_ms"": 382.8, ""cpu_ms"": 265.5, ""bytes_fetched"": 0, ""bytes_complete"": true, ""api_calls"": 0, ""api_calls_by_host"": {}, ""egeria_calls"": 0, ""llm_tokens_in"": 0, ""llm_tokens_out"": 0, ""cache_hits"": 0, ""cache_misses"": 0, ""acquisition"": ""not-consulted"", ""connects"": 0, ""annotations"": 5, ""questions_answered"": 0, ""outcomes"": [""recovered""], ""interpretable"": true}","{""fetch_cost"": ""download"", ""compute_cost"": ""low""}",""
egeria_python_git,repo,repo_refresh_plan,2026-09-24T18:22:30.816566,local,local,"","{""wall_ms"": 1263.0, ""cpu_ms"": 68.9, ""bytes_fetched"": 686595, ""bytes_complete"": true, ""api_calls"": 2, ""api_calls_by_host"": {""api.github.com:443"": 2}, ""egeria_calls"": 0, ""llm_tokens_in"": 0, ""llm_tokens_out"": 0, ""cache_hits"": 0, ""cache_misses"": 0, ""acquisition"": ""not-consulted"", ""connects"": 1, ""annotations"": 1, ""questions_answered"": 0, ""outcomes"": [], ""interpretable"": true}","{""fetch_cost"": ""none"", ""compute_cost"": ""low""}","declares fetch_cost='none' but opened 1 connection(s) — zero-fetch is the defining property of the Discovery tier, and a max_fetch_cost='none' run currently believes this step is free"
egeria_python_git,repo,repo_rag_ingestion,2026-09-24T18:22:38.439451,local,local,"","{""wall_ms"": 1611.2, ""cpu_ms"": 85.4, ""bytes_fetched"": 686595, ""bytes_complete"": true, ""api_calls"": 2, ""api_calls_by_host"": {""api.github.com:443"": 2}, ""egeria_calls"": 0, ""llm_tokens_in"": 0, ""llm_tokens_out"": 0, ""cache_hits"": 0, ""cache_misses"": 0, ""acquisition"": ""not-consulted"", ""connects"": 1, ""annotations"": 1, ""questions_answered"": 0, ""outcomes"": [""recovered""], ""interpretable"": true}","{""fetch_cost"": ""download"", ""compute_cost"": ""high""}",""
egeria_python_git,repo,repo_website_ingestion,2026-09-24T18:22:40.083300,local,local,"","{""wall_ms"": 908.6, ""cpu_ms"": 52.5, ""bytes_fetched"": 0, ""bytes_complete"": true, ""api_calls"": 0, ""api_calls_by_host"": {}, ""egeria_calls"": 0, ""llm_tokens_in"": 0, ""llm_tokens_out"": 0, ""cache_hits"": 0, ""cache_misses"": 0, ""acquisition"": ""not-consulted"", ""connects"": 2, ""annotations"": 1, ""questions_answered"": 0, ""outcomes"": [], ""interpretable"": true}","{""fetch_cost"": ""download"", ""compute_cost"": ""medium""}",""
docling,repo,repo_website_ingestion,2026-09-24T18:22:59.831108,local,local,"","{""wall_ms"": 27.2, ""cpu_ms"": 4.7, ""bytes_fetched"": 0, ""bytes_complete"": true, ""api_calls"": 0, ""api_calls_by_host"": {}, ""egeria_calls"": 0, ""llm_tokens_in"": 0, ""llm_tokens_out"": 0, ""cache_hits"": 0, ""cache_misses"": 0, ""acquisition"": ""not-consulted"", ""connects"": 0, ""annotations"": 1, ""questions_answered"": 0, ""outcomes"": [], ""interpretable"": true}","{""fetch_cost"": ""download"", ""compute_cost"": ""medium""}",declares compute_cost='medium' but took 0.03s with no connections — over-declaring excludes a step from the cheap tiers it may have been built to serve
docling,repo,repo_rag_ingestion,2026-09-24T18:22:59.831108,prefect,prefect,"","{""wall_ms"": 3189.5, ""cpu_ms"": 107.1, ""bytes_fetched"": 1374052, ""bytes_complete"": true, ""api_calls"": 3, ""api_calls_by_host"": {""api.github.com:443"": 3}, ""egeria_calls"": 0, ""llm_tokens_in"": 0, ""llm_tokens_out"": 0, ""cache_hits"": 0, ""cache_misses"": 0, ""acquisition"": ""not-consulted"", ""connects"": 1, ""annotations"": 1, ""questions_answered"": 0, ""outcomes"": [""unverified""], ""interpretable"": false}","{""fetch_cost"": ""download"", ""compute_cost"": ""high""}",""
docling,repo,repo_manifest_parse,2026-09-24T18:22:59.842437,local,local,"","{""wall_ms"": 515.7, ""cpu_ms"": 362.5, ""bytes_fetched"": 0, ""bytes_complete"": true, ""api_calls"": 0, ""api_calls_by_host"": {}, ""egeria_calls"": 0, ""llm_tokens_in"": 0, ""llm_tokens_out"": 0, ""cache_hits"": 0, ""cache_misses"": 0, ""acquisition"": ""not-consulted"", ""connects"": 0, ""annotations"": 5, ""questions_answered"": 0, ""outcomes"": [""recovered""], ""interpretable"": true}","{""fetch_cost"": ""download"", ""compute_cost"": ""low""}",""
docling,repo,repo_refresh_plan,2026-09-24T18:22:59.842437,local,local,"","{""wall_ms"": 1320.9, ""cpu_ms"": 60.2, ""bytes_fetched"": 677557, ""bytes_complete"": true, ""api_calls"": 2, ""api_calls_by_host"": {""api.github.com:443"": 2}, ""egeria_calls"": 0, ""llm_tokens_in"": 0, ""llm_tokens_out"": 0, ""cache_hits"": 0, ""cache_misses"": 0, ""acquisition"": ""not-consulted"", ""connects"": 1, ""annotations"": 1, ""questions_answered"": 0, ""outcomes"": [], ""interpretable"": true}","{""fetch_cost"": ""none"", ""compute_cost"": ""low""}","declares fetch_cost='none' but opened 1 connection(s) — zero-fetch is the defining property of the Discovery tier, and a max_fetch_cost='none' run currently believes this step is free"
docling,repo,repo_file_inventory,2026-09-24T18:22:59.842437,local,local,"","{""wall_ms"": 1632.2, ""cpu_ms"": 655.7, ""bytes_fetched"": 0, ""bytes_complete"": true, ""api_calls"": 0, ""api_calls_by_host"": {}, ""egeria_calls"": 0, ""llm_tokens_in"": 0, ""llm_tokens_out"": 0, ""cache_hits"": 0, ""cache_misses"": 0, ""acquisition"": ""not-consulted"", ""connects"": 0, ""annotations"": 1, ""questions_answered"": 0, ""outcomes"": [""recovered""], ""interpretable"": true}","{""fetch_cost"": ""download"", ""compute_cost"": ""low""}",""
docling,repo,repo_rag_ingestion,2026-09-24T18:23:27.802267,local,local,"","{""wall_ms"": 2706.7, ""cpu_ms"": 76.9, ""bytes_fetched"": 1374052, ""bytes_complete"": true, ""api_calls"": 3, ""api_calls_by_host"": {""api.github.com:443"": 3}, ""egeria_calls"": 0, ""llm_tokens_in"": 0, ""llm_tokens_out"": 0, ""cache_hits"": 0, ""cache_misses"": 0, ""acquisition"": ""not-consulted"", ""connects"": 1, ""annotations"": 1, ""questions_answered"": 0, ""outcomes"": [""unverified""], ""interpretable"": false}","{""fetch_cost"": ""download"", ""compute_cost"": ""high""}",""
docling,repo,repo_website_ingestion,2026-09-24T18:23:30.526800,local,local,"","{""wall_ms"": 14.4, ""cpu_ms"": 2.9, ""bytes_fetched"": 0, ""bytes_complete"": true, ""api_calls"": 0, ""api_calls_by_host"": {}, ""egeria_calls"": 0, ""llm_tokens_in"": 0, ""llm_tokens_out"": 0, ""cache_hits"": 0, ""cache_misses"": 0, ""acquisition"": ""not-consulted"", ""connects"": 0, ""annotations"": 1, ""questions_answered"": 0, ""outcomes"": [], ""interpretable"": true}","{""fetch_cost"": ""download"", ""compute_cost"": ""medium""}",declares compute_cost='medium' but took 0.01s with no connections — over-declaring excludes a step from the cheap tiers it may have been built to serve
